NAME,2026 RECORD,TEAM,ABBREV
Quin Snyder,20-23,Atlanta Hawks,ATL
Joe Mazzulla,25-15,Boston Celtics,BOS
Jordi Fernandez,12-27,Brooklyn Nets,BKN
Charles Lee,15-26,Charlotte Hornets,CHA
Billy Donovan,19-22,Chicago Bulls,CHI
Kenny Atkinson,24-19,Cleveland Cavaliers,CLE
Jason Kidd,16-26,Dallas Mavericks,DAL
David Adelman,28-13,Denver Nuggets,DEN
JB Bickerstaff,29-10,Detroit Pistons,DET
Steve Kerr,23-19,Golden State Warriors,GSW
Ime Udoka,24-15,Houston Rockets,HOU
Rick Carlisle,10-32,Indiana Pacers,IND
Tyronn Lue,18-23,LA Clippers,LAC
JJ Redick,24-15,Los Angeles Lakers,LAL
Tuomas Iisalo,17-23,Memphis Grizzlies,MEM
Erik Spoelstra,21-20,Miami Heat,MIA
Doc Rivers,17-24,Milwaukee Bucks,MIL
Chris Finch,27-15,Minnesota Timberwolves,MIN
James Borrego,8-23,New Orleans Pelicans,NOP
Mike Brown,25-16,New York Knicks,NYK
Mark Daigneault,35-7,Oklahoma City Thunder,OKC
Jamahl Mosley,23-18,Orlando Magic,ORL
Nick Nurse,22-18,Philadelphia 76ers,PHI
Jordan Ott,24-17,Phoenix Suns,PHX
Chauncey Billups,16-21,Portland Trail Blazers,POR
Doug Christie,12-30,Sacramento Kings,SAC
Mitch Johnson,28-13,San Antonio Spurs,SAS
Darko Rajakovic,25-18,Toronto Raptors,TOR
Will Hardy,14-27,Utah Jazz,UTA
Brian Keefe,10-30,Washington Wizards,WAS
